id,image_file,brand,model_family,reference_number,also_accept,movement,case_material,bracelet_material,source_url,verified
1,001_rolex_submariner-date.jpg,Rolex,Submariner Date,126610LN,116610LN,automatic,stainless-steel,metal,,true
2,002_rolex_cosmograph-daytona.jpg,Rolex,Cosmograph Daytona,126500LN,116500LN,automatic,stainless-steel,metal,,true
3,003_rolex_gmt-master-ii-pepsi.jpg,Rolex,"GMT-Master II ""Pepsi""",126710BLRO,,automatic,stainless-steel,metal,,true
4,004_rolex_datejust-41.jpg,Rolex,Datejust 41,126334,,automatic,stainless-steel,metal,,true
5,005_rolex_day-date-40.jpg,Rolex,Day-Date 40,228238,,automatic,gold,metal,,true
6,006_rolex_explorer-36.jpg,Rolex,Explorer 36,124270,224270,automatic,stainless-steel,metal,,true
7,007_rolex_sea-dweller.jpg,Rolex,Sea-Dweller,126600,,automatic,stainless-steel,metal,,true
8,008_rolex_yacht-master-40.jpg,Rolex,Yacht-Master 40,126622,116622,automatic,stainless-steel,metal,,true
9,009_rolex_oyster-perpetual-41.jpg,Rolex,Oyster Perpetual 41,124300,126000,automatic,stainless-steel,metal,,true
10,010_rolex_submariner-no-date.jpg,Rolex,Submariner (no date),124060,114060,automatic,stainless-steel,metal,,true
11,011_omega_speedmaster-moonwatch-professional.jpg,Omega,Speedmaster Moonwatch Professional,310.30.42.50.01.002,310.30.42.50.01.001,manual,stainless-steel,metal,,true
12,012_omega_seamaster-diver-300m.jpg,Omega,Seamaster Diver 300M,210.30.42.20.01.010,210.30.42.20.01.001,automatic,stainless-steel,metal,,true
13,013_omega_seamaster-aqua-terra-150m-41.jpg,Omega,Seamaster Aqua Terra 150M 41,220.10.41.21.03.001,,automatic,stainless-steel,metal,,true
14,014_omega_seamaster-planet-ocean-600m.jpg,Omega,Seamaster Planet Ocean 600M,215.30.44.21.01.001,,automatic,stainless-steel,metal,,true
15,015_omega_constellation-39.jpg,Omega,Constellation 39,131.10.39.20.02.001,,automatic,stainless-steel,metal,,true
16,016_omega_seamaster-300-heritage.jpg,Omega,Seamaster 300 Heritage,234.32.41.21.01.001,234.30.41.21.01.001,automatic,stainless-steel,leather,,true
17,017_omega_speedmaster-dark-side-of-the-moon.jpg,Omega,Speedmaster Dark Side of the Moon,311.92.44.51.01.007,,automatic,ceramic,nylon,,true
18,018_omega_seamaster-diver-300m-007-edition.jpg,Omega,Seamaster Diver 300M 007 Edition,210.90.42.20.01.001,,automatic,titanium,metal,,true
19,019_omega_seamaster-railmaster.jpg,Omega,Seamaster Railmaster,220.10.40.20.01.001,,automatic,stainless-steel,metal,,true
20,020_omega_de-ville-prestige.jpg,Omega,De Ville Prestige,424.13.40.20.02.001,,automatic,stainless-steel,leather,,true
21,021_patek_nautilus.jpg,Patek Philippe,Nautilus,5711/1A-010,,automatic,stainless-steel,metal,,true
22,022_patek_aquanaut.jpg,Patek Philippe,Aquanaut,5167A-001,,automatic,stainless-steel,rubber,,true
23,023_patek_calatrava-white-gold.jpg,Patek Philippe,Calatrava (white gold),5227G-010,,automatic,gold,leather,,true
24,024_patek_nautilus-moon-phase.jpg,Patek Philippe,Nautilus Moon Phase,5712/1A-001,,automatic,stainless-steel,metal,,true
25,025_patek_annual-calendar.jpg,Patek Philippe,Annual Calendar,5396R-011,,automatic,gold,leather,,true
26,026_patek_world-time.jpg,Patek Philippe,World Time,5230G-001,,automatic,gold,leather,,true
27,027_patek_aquanaut-chronograph.jpg,Patek Philippe,Aquanaut Chronograph,5968A-001,,automatic,stainless-steel,rubber,,true
28,028_patek_perpetual-calendar-chronograph.jpg,Patek Philippe,Perpetual Calendar Chronograph,5270P-001,,manual,platinum,leather,,true
29,029_patek_calatrava-yellow-gold.jpg,Patek Philippe,Calatrava (yellow gold),5196J-001,,manual,gold,leather,,true
30,030_patek_twenty-4.jpg,Patek Philippe,Twenty~4,4910/1200A-001,,quartz,stainless-steel,metal,,true
31,031_ap_royal-oak-selfwinding-41.jpg,Audemars Piguet,Royal Oak Selfwinding 41,15500ST.OO.1220ST.01,,automatic,stainless-steel,metal,,true
32,032_ap_royal-oak-jumbo-extra-thin.jpg,Audemars Piguet,Royal Oak Jumbo Extra-Thin,16202ST.OO.1240ST.01,16202ST.OO.1240ST.02|15202ST.OO.1240ST.01,automatic,stainless-steel,metal,,true
33,033_ap_royal-oak-offshore-chronograph-42.jpg,Audemars Piguet,Royal Oak Offshore Chronograph 42,26470ST.OO.A027CA.01,,automatic,stainless-steel,rubber,,true
34,034_ap_royal-oak-chronograph-41.jpg,Audemars Piguet,Royal Oak Chronograph 41,26240ST.OO.1320ST.02,,automatic,stainless-steel,metal,,true
35,035_ap_royal-oak-perpetual-calendar.jpg,Audemars Piguet,Royal Oak Perpetual Calendar,26574ST.OO.1220ST.02,,automatic,stainless-steel,metal,,true
36,036_ap_code-11-59-selfwinding.jpg,Audemars Piguet,Code 11.59 Selfwinding,15210BC.OO.A002CR.01,,automatic,gold,leather,,true
37,037_ap_royal-oak-offshore-diver.jpg,Audemars Piguet,Royal Oak Offshore Diver,15720ST.OO.A027CA.01,,automatic,stainless-steel,rubber,,true
38,038_ap_royal-oak-selfwinding-41-rose-gold.jpg,Audemars Piguet,Royal Oak Selfwinding 41 (rose gold),15510OR.OO.1320OR.01,15510OR.OO.1320OR.03,automatic,gold,metal,,true
39,039_ap_royal-oak-offshore-chronograph-43-ceramic.jpg,Audemars Piguet,Royal Oak Offshore Chronograph 43 (ceramic),26405CE.OO.A002CA.01,,automatic,ceramic,rubber,,true
40,040_ap_royal-oak-double-balance-wheel-openworked.jpg,Audemars Piguet,Royal Oak Double Balance Wheel Openworked,15407ST.OO.1220ST.01,,automatic,stainless-steel,metal,,true
41,041_tagheuer_carrera-chronograph.jpg,Tag Heuer,Carrera Chronograph,CBN2A1B.BA0643,,automatic,stainless-steel,metal,,true
42,042_tagheuer_monaco-calibre-11.jpg,Tag Heuer,Monaco Calibre 11,CAW211P.FC6356,,automatic,stainless-steel,leather,,true
43,043_tagheuer_aquaracer-professional-300.jpg,Tag Heuer,Aquaracer Professional 300,WBP201A.BA0632,WBP201A.FT6197,automatic,stainless-steel,metal,,true
44,044_tagheuer_formula-1.jpg,Tag Heuer,Formula 1,WAZ1110.BA0875,,quartz,stainless-steel,metal,,true
45,045_tagheuer_carrera-date.jpg,Tag Heuer,Carrera Date,WBN2110.BA0639,,automatic,stainless-steel,metal,,true
46,046_tagheuer_aquaracer-professional-200-solargraph.jpg,Tag Heuer,Aquaracer Professional 200 Solargraph,WBP1190.BZ0003,,solar,titanium,metal,,true
47,047_tagheuer_carrera-chronograph-glassbox.jpg,Tag Heuer,Carrera Chronograph Glassbox,CBS2212.FC6535,,automatic,stainless-steel,leather,,true
48,048_tagheuer_link-automatic.jpg,Tag Heuer,Link Automatic,WBC2110.BA0603,,automatic,stainless-steel,metal,,true
49,049_tagheuer_aquaracer-professional-1000-superdiver.jpg,Tag Heuer,Aquaracer Professional 300 Night Diver,WBP201D.FT6197,,automatic,stainless-steel,rubber,,true
50,050_tagheuer_autavia-calibre-heuer-02.jpg,Tag Heuer,Autavia Calibre Heuer 02,CBE2110.FC8226,,automatic,stainless-steel,leather,,true
51,051_breitling_navitimer-b01-chronograph-43.jpg,Breitling,Navitimer B01 Chronograph 43,AB0138211B1A1,,automatic,stainless-steel,metal,,true
52,052_breitling_superocean-automatic-42.jpg,Breitling,Superocean Automatic 42,A17375211B1S1,A17375211B1A1,automatic,stainless-steel,rubber,,true
53,053_breitling_chronomat-b01-42.jpg,Breitling,Chronomat B01 42,AB0134101B1A1,,automatic,stainless-steel,metal,,true
54,054_breitling_premier-b01-chronograph-42.jpg,Breitling,Premier B01 Chronograph 42,AB0145211G1P1,AB0145211G1A1,automatic,stainless-steel,leather,,true
55,055_breitling_avenger-automatic-gmt-45.jpg,Breitling,Avenger Automatic GMT 45,A32395101C1X1,A32395101C1A1,automatic,stainless-steel,leather,,true
56,056_breitling_superocean-heritage-b20-automatic-42.jpg,Breitling,Superocean Heritage B20 Automatic 42,AB2010121B1A1,AB2010121B1S1,automatic,stainless-steel,metal,,true
57,057_breitling_navitimer-automatic-41.jpg,Breitling,Navitimer Automatic 41,A17326211B1P1,,automatic,stainless-steel,leather,,true
58,058_breitling_aerospace-evo.jpg,Breitling,Aerospace Evo,E79363101B1E1,,quartz,titanium,metal,,true
59,059_breitling_top-time-b01-chevrolet-corvette.jpg,Breitling,Top Time B01 Chevrolet Corvette,AB01761A1K1X1,AB01761A1K1A1,automatic,stainless-steel,leather,,true
60,060_breitling_chronomat-automatic-gmt-40.jpg,Breitling,Chronomat Automatic GMT 40,A32398101B1A1,,automatic,stainless-steel,metal,,true
61,061_cartier_santos-de-cartier-large.jpg,Cartier,Santos de Cartier (large),WSSA0018,,automatic,stainless-steel,metal,,true
62,062_cartier_tank-must-large.jpg,Cartier,Tank Must (large),WSTA0041,WSTA0042,quartz,stainless-steel,leather,,true
63,063_cartier_ballon-bleu-de-cartier-42.jpg,Cartier,Ballon Bleu de Cartier 42,W69016Z4,W69012Z4,automatic,stainless-steel,leather,,true
64,064_cartier_tank-louis-cartier.jpg,Cartier,Tank Louis Cartier,WGTA0011,,manual,gold,leather,,true
65,065_cartier_santos-dumont-large.jpg,Cartier,Santos-Dumont (large),WSSA0022,,quartz,stainless-steel,leather,,true
66,066_cartier_pasha-de-cartier-41.jpg,Cartier,Pasha de Cartier 41,WSPA0009,,automatic,stainless-steel,metal,,true
67,067_cartier_panthere-de-cartier-medium.jpg,Cartier,Panthère de Cartier (medium),WSPN0007,WSPN0006,quartz,stainless-steel,metal,,true
68,068_cartier_tank-francaise.jpg,Cartier,Tank Française,WSTA0065,WSTA0074,quartz,stainless-steel,metal,,true
69,069_cartier_drive-de-cartier.jpg,Cartier,Drive de Cartier,WSNM0004,,automatic,stainless-steel,leather,,true
70,070_cartier_calibre-de-cartier-diver.jpg,Cartier,Calibre de Cartier Diver,W7100056,,automatic,stainless-steel,rubber,,true
71,071_iwc_portugieser-chronograph.jpg,IWC,Portugieser Chronograph,IW371617,,automatic,stainless-steel,metal,,true
72,072_iwc_portugieser-automatic-42.jpg,IWC,Portugieser Automatic 42,IW501701,,automatic,stainless-steel,leather,,true
73,073_iwc_big-pilot-s-watch-43.jpg,IWC,Big Pilot's Watch 43,IW329301,,automatic,stainless-steel,leather,,true
74,074_iwc_pilot-s-watch-mark-xx.jpg,IWC,Pilot's Watch Mark XX,IW328201,,automatic,stainless-steel,leather,,true
75,075_iwc_pilot-s-watch-chronograph-41.jpg,IWC,Pilot's Watch Chronograph 41,IW388101,,automatic,stainless-steel,leather,,true
76,076_iwc_aquatimer-automatic-42.jpg,IWC,Aquatimer Automatic 42,IW328802,,automatic,stainless-steel,rubber,,true
77,077_iwc_portofino-automatic.jpg,IWC,Portofino Automatic,IW356501,,automatic,stainless-steel,leather,,true
78,078_iwc_ingenieur-automatic-40.jpg,IWC,Ingenieur Automatic 40,IW328903,,automatic,stainless-steel,metal,,true
79,079_iwc_pilot-s-watch-chronograph-top-gun.jpg,IWC,Pilot's Watch Chronograph Top Gun,IW389101,,automatic,ceramic,fabric,,true
80,080_iwc_portugieser-perpetual-calendar-44.jpg,IWC,Portugieser Perpetual Calendar 44,IW503302,,automatic,gold,leather,,true
81,081_jlc_reverso-classic-large-small-seconds.jpg,Jaeger-LeCoultre,Reverso Classic Monoface Small Seconds,Q3858520,,manual,stainless-steel,leather,,true
82,082_jlc_master-ultra-thin-moon.jpg,Jaeger-LeCoultre,Master Ultra Thin Moon,Q1368430,Q1368420,automatic,stainless-steel,leather,,true
83,083_jlc_polaris-automatic.jpg,Jaeger-LeCoultre,Polaris Automatic,Q9008180,,automatic,stainless-steel,metal,,true
84,084_jlc_master-control-date.jpg,Jaeger-LeCoultre,Master Control Date,Q4018420,Q4018421,automatic,stainless-steel,leather,,true
85,085_jlc_polaris-chronograph.jpg,Jaeger-LeCoultre,Polaris Chronograph,Q9028181,,automatic,stainless-steel,metal,,true
86,086_jlc_reverso-tribute-duoface.jpg,Jaeger-LeCoultre,Reverso Tribute Duoface,Q3988482,,manual,stainless-steel,leather,,true
87,087_jlc_master-ultra-thin-perpetual.jpg,Jaeger-LeCoultre,Master Ultra Thin Perpetual,Q1302520,,automatic,gold,leather,,true
88,088_jlc_rendez-vous-night-day.jpg,Jaeger-LeCoultre,Rendez-Vous Night & Day,Q3468430,Q3448420|Q3448430,automatic,stainless-steel,leather,,true
89,089_jlc_reverso-tribute-chronograph.jpg,Jaeger-LeCoultre,Reverso Tribute Chronograph,Q389257J,,manual,gold,leather,,true
90,090_jlc_master-control-chronograph.jpg,Jaeger-LeCoultre,Master Control Chronograph Calendar,Q4138420,Q4138431,automatic,stainless-steel,leather,,true
91,091_vc_overseas-self-winding.jpg,Vacheron Constantin,Overseas Self-winding,4520V/210A-B128,4500V/110A-B128,automatic,stainless-steel,metal,,true
92,092_vc_overseas-chronograph.jpg,Vacheron Constantin,Overseas Chronograph,5500V/110A-B148,,automatic,stainless-steel,metal,,true
93,093_vc_patrimony-self-winding.jpg,Vacheron Constantin,Patrimony Self-winding,85180/000R-9248,,automatic,gold,leather,,true
94,094_vc_traditionnelle-manual-winding.jpg,Vacheron Constantin,Traditionnelle Manual Winding,82172/000R-9382,,manual,gold,leather,,true
95,095_vc_fiftysix-self-winding.jpg,Vacheron Constantin,Fiftysix Self-winding,4600E/000A-B442,,automatic,stainless-steel,leather,,true
96,096_vc_overseas-dual-time.jpg,Vacheron Constantin,Overseas Dual Time,7900V/110A-B334,,automatic,stainless-steel,metal,,true
97,097_vc_historiques-american-1921.jpg,Vacheron Constantin,Historiques American 1921,82035/000R-9359,1100S/000R-B430,manual,gold,leather,,true
98,098_vc_overseas-perpetual-calendar-ultra-thin.jpg,Vacheron Constantin,Overseas Perpetual Calendar Ultra-Thin,4300V/120R-B064,,automatic,gold,metal,,true
99,099_vc_patrimony-moon-phase-retrograde-date.jpg,Vacheron Constantin,Patrimony Moon Phase Retrograde Date,4010U/000G-B330,,automatic,gold,leather,,true
100,100_vc_fiftysix-complete-calendar.jpg,Vacheron Constantin,Fiftysix Complete Calendar,4000E/000A-B439,,automatic,stainless-steel,leather,,true
